POS,REF,ALT,Gene,WT_AA,MUT_AA,POS_AA
5187,C,T,intergenic,,,
7664,G,A,H,D,N,132.0
9097,C,T,H,T,T,609.0
3904,G,A,M,R,H,156.0
5256,T,C,intergenic,,,
1872,A,G,P,E,E,22.0
11053,G,A,L,G,E,607.0
15701,G,A,L,K,K,2156.0
4318,T,C,M,L,S,294.0
4782,G,A,intergenic,,,
135,C,T,N,L,L,10.0
1458,T,C,N,Y,H,451.0
4143,T,C,M,Y,H,236.0
2699,A,G,P,Q,R,298.0
15622,T,C,L,I,T,2130.0
11108,T,C,L,V,V,625.0
1682,C,T,N,D,D,525.0
5461,G,A,F,G,S,2.0
3929,C,T,M,R,R,164.0
10955,C,T,L,D,D,574.0
8910,G,A,H,R,H,547.0
5347,T,C,intergenic,,,
13059,G,A,L,V,M,1276.0
7058,G,A,F,G,D,534.0
6817,T,A,F,L,M,454.0
7195,T,C,intergenic,,,
12147,C,T,L,L,L,972.0
5607,C,A,F,S,R,50.0
5102,G,A,intergenic,,,
2488,G,A,P,V,I,228.0
1371,G,A,N,G,S,422.0
11075,C,T,L,S,S,614.0
8785,T,C,H,D,D,505.0
11765,C,A,L,S,S,844.0
15257,A,T,L,A,A,2008.0
6777,G,A,F,A,A,440.0
7220,G,A,intergenic,,,
5640,T,C,F,N,N,61.0
598,G,A,N,S,N,164.0
2215,G,A,P,G,S,137.0
6865,C,T,F,L,L,470.0
9140,A,G,intergenic,,,
8897,T,C,H,Y,H,543.0
5024,A,G,intergenic,,,
9131,T,C,intergenic,,,
6794,T,C,F,I,T,446.0
3685,C,T,M,S,F,83.0
1702,C,A,intergenic,,,
9926,T,C,L,Y,Y,231.0
4544,T,C,intergenic,,,
4661,T,C,intergenic,,,
5894,C,T,F,A,V,146.0
6331,A,C,F,K,Q,292.0
9332,A,G,L,R,R,33.0
2094,C,A,P,P,P,96.0
851,T,C,N,P,P,248.0
14179,G,A,L,R,K,1649.0
11125,T,C,L,F,S,631.0
3740,T,C,M,V,V,101.0
584,T,C,N,D,D,159.0
4666,A,G,intergenic,,,
5342,T,C,intergenic,,,
5320,A,C,intergenic,,,
3241,C,T,P,R,C,479.0
949,A,T,N,Y,F,281.0
5642,T,C,F,I,T,62.0
9144,T,A,intergenic,,,
7010,G,T,F,R,M,518.0
8161,A,G,H,A,A,297.0
4014,G,A,M,A,T,193.0
5326,C,T,intergenic,,,
9073,C,G,H,G,G,601.0
4131,T,C,M,Y,H,232.0
4824,C,G,intergenic,,,
97,A,G,intergenic,,,
50,A,G,intergenic,,,
9124,G,T,H,*,Y,618.0
4532,C,T,intergenic,,,
11124,T,C,L,F,L,631.0
7229,G,T,intergenic,,,
4997,C,T,intergenic,,,
6235,T,C,F,L,L,260.0
7017,T,C,F,R,R,520.0
3431,C,T,intergenic,,,
5050,C,G,intergenic,,,
7106,T,C,F,L,P,550.0
3793,T,C,M,L,P,119.0
4952,G,A,intergenic,,,
4660,C,T,intergenic,,,
4450,T,C,intergenic,,,
3809,T,C,M,P,P,124.0
12909,G,T,L,A,S,1226.0
10649,C,T,L,L,L,472.0
15511,G,A,L,R,Q,2093.0
3936,G,A,M,D,N,167.0
2324,C,T,P,T,I,173.0
4765,C,T,intergenic,,,
6723,A,G,F,V,V,422.0
8906,G,A,H,G,S,546.0
8176,A,G,H,R,R,302.0
4930,G,C,intergenic,,,
1720,T,C,intergenic,,,
2465,T,G,P,M,R,220.0
4897,T,C,intergenic,,,
11123,G,C,L,G,G,630.0
4622,T,C,intergenic,,,
4754,T,C,intergenic,,,
1798,C,T,intergenic,,,
14359,A,G,L,N,S,1709.0
9156,C,T,intergenic,,,
4650,C,T,intergenic,,,
5391,T,C,intergenic,,,
1951,G,A,P,A,T,49.0
2125,T,C,P,L,L,107.0
7454,C,T,H,R,W,62.0
5148,T,C,intergenic,,,
4179,C,T,M,L,F,248.0
815,A,G,N,L,L,236.0
11115,G,A,L,E,K,628.0
5350,G,T,intergenic,,,
7008,C,T,F,C,C,517.0
5177,A,G,intergenic,,,
7114,T,C,intergenic,,,
4943,G,A,intergenic,,,
3874,T,C,M,L,P,146.0
2532,G,A,P,E,E,242.0
5249,T,C,intergenic,,,
2722,T,C,P,Y,H,306.0
9233,T,C,intergenic,,,
3812,G,A,M,W,*,125.0
10943,G,A,L,K,K,570.0
5409,C,T,intergenic,,,
4485,C,T,intergenic,,,
653,T,C,N,V,V,182.0
4598,G,A,intergenic,,,
5805,A,T,F,V,V,116.0
2179,G,A,P,D,N,125.0
